4399/adam-and-eve-4.html	Adam and Eve 4 - Play Free Online Games Without Ads	https://ad-freegames.github.io/4399/adam-and-eve-4.html	https://szhong.4399.com/4399swf//upload_swf/ftp23/gamehwq/20171206/08/index.htm
4399/adam-and-eve-5-part-1.html	Adam and Eve 5: Part 1 - Play Free Online Games Without Ads	https://ad-freegames.github.io/4399/adam-and-eve-5-part-1.html	https://szhong.4399.com/4399swf//upload_swf/ftp26/gamehwq/20181217/07/index.htm
4399/adam-and-eve-5-part-2.html	Adam and Eve 5: Part 2 - Play Free Online Games Without Ads	https://ad-freegames.github.io/4399/adam-and-eve-5-part-2.html	https://szhong.4399.com/4399swf//upload_swf/ftp27/gamehwq/20190124/01/index.htm
4399/adam-and-eve-6.html	Adam and Eve 6 - Play Free Online Games Without Ads	https://ad-freegames.github.io/4399/adam-and-eve-6.html	https://szhong.4399.com/4399swf//upload_swf/ftp29/chenling/20190814/10/index.htm
4399/adam-and-eve-7.html	Adam and Eve 7 - Play Free Online Games Without Ads	https://ad-freegames.github.io/4399/adam-and-eve-7.html	https://szhong.4399.com/4399swf//upload_swf/ftp31/chenling/20200218/04/index.htm
4399/adam-and-eve-8.html	Adam And Eve 8 - Play Free Online Games Without Ads	https://ad-freegames.github.io/4399/adam-and-eve-8.html	https://szhong.4399.com/4399swf//upload_swf/ftp31/chenling/20200218/04/index.htm
4399/adam-and-eve-aliens.html	Adam and Eve: Aliens - Play Free Online Games Without Ads	https://ad-freegames.github.io/4399/adam-and-eve-aliens.html	https://szhong.4399.com/4399swf//upload_swf/ftp34/chenling/20201105/08/index.htm
4399/adam-and-eve-astronaut.html	Adam and Eve: Astronaut - Play Free Online Games Without Ads	https://ad-freegames.github.io/4399/adam-and-eve-astronaut.html	https://szhong.4399.com/4399swf//upload_swf/ftp29/chenweihong/20191024/4/index.htm
4399/adam-and-eve-go-2.html	Adam and Eve Go 2 - Play Free Online Games Without Ads	https://ad-freegames.github.io/4399/adam-and-eve-go-2.html	https://szhong.4399.com/4399swf//upload_swf/ftp35/gamehwq/20210319/02/index.html
4399/adam-and-eve-go-3.html	Adam and Eve Go 3 - Play Free Online Games Without Ads	https://ad-freegames.github.io/4399/adam-and-eve-go-3.html	https://szhong.4399.com/4399swf//upload_swf/ftp36/gamehwq/20210603/12/index.html
4399/adam-and-eve-go-xmas.html	Adam and Eve Go: Xmas - Play Free Online Games Without Ads	https://ad-freegames.github.io/4399/adam-and-eve-go-xmas.html	https://szhong.4399.com/4399swf//upload_swf/ftp34/gamehwq/20201218/11/index.html
4399/adam-and-eve-go.html	Adam and Eve Go - Play Free Online Games Without Ads	https://ad-freegames.github.io/4399/adam-and-eve-go.html	https://szhong.4399.com/4399swf//upload_swf/ftp32/chenling/20200420/04/index.htm
4399/adam-and-eve-night.html	Adam and Eve: Night - Play Free Online Games Without Ads	https://ad-freegames.github.io/4399/adam-and-eve-night.html	https://szhong.4399.com/4399swf//upload_swf/ftp33/gamehwq/20201020/11/index.html
4399/adam-and-eve-sleepwalker.html	Adam and Eve: Sleepwalker - Play Free Online Games Without Ads	https://ad-freegames.github.io/4399/adam-and-eve-sleepwalker.html	https://szhong.4399.com/4399swf//upload_swf/ftp24/gamehwq/20180123/09/index.htm
4399/adam-and-eve-snow.html	Adam and Eve: Snow - Play Free Online Games Without Ads	https://ad-freegames.github.io/4399/adam-and-eve-snow.html	https://szhong.4399.com/4399swf//upload_swf/ftp30/gamehwq/20191203/07/index.htm
4399/adam-and-eve-zombies.html	Adam and Eve: Zombies - Play Free Online Games Without Ads	https://ad-freegames.github.io/4399/adam-and-eve-zombies.html	https://szhong.4399.com/4399swf//upload_swf/ftp24/gamehwq/20180116/04/index.htm
4399/adam-the-ghost.html	Adam and Eve: Adam the Ghost - Play Free Online Games Without Ads	https://ad-freegames.github.io/4399/adam-the-ghost.html	https://szhong.4399.com/4399swf//upload_swf/ftp24/chenling/20180208/12/index.htm
4399/animator-v-animation-se.html	Animator v Animation SE - Free Online Games No Ads No Downloads	https://ad-freegames.github.io/4399/animator-v-animation-se.html	https://szhong.4399.com/4399swf//upload_swf/ftp40/chenling/20220924/06/index.html
4399/apple-knight-mini-dungeons.html	Apple Knight: Mini Dungeons - Free Online Games No Ads No Downloads	https://ad-freegames.github.io/4399/apple-knight-mini-dungeons.html	https://szhong.4399.com/4399swf//upload_swf/ftp44/gamehwq/20230808/10a/index.html
4399/apple-knight.html	Apple Knight - Play Free Online Games Without Ads	https://ad-freegames.github.io/4399/apple-knight.html	https://szhong.4399.com/4399swf//upload_swf/ftp37/cwb/20211202/02/index.html
4399/assemble-and-drive-road-monsters.html	Assemble and Drive: Road Monsters - Free Online Games No Ads No Downloads	https://ad-freegames.github.io/4399/assemble-and-drive-road-monsters.html	https://szhong.4399.com/4399swf//upload_swf/ftp44/chenling/20230830/04/index.html
4399/avalanche.html	Avalanche - Free Online Games No Ads No Downloads	https://ad-freegames.github.io/4399/avalanche.html	https://szhong.4399.com/4399swf//upload_swf/ftp41/liuxinyu/20221210/1/index.html
4399/bad-ice-cream-2.html	Bad Ice Cream 2 - Play Free Online Games Without Ads	https://ad-freegames.github.io/4399/bad-ice-cream-2.html	https://szhong.4399.com/4399swf//upload_swf/ftp35/liuxinyu/20210128/x6/index.html
4399/bad-ice-cream-3.html	Bad Ice Cream 3 - Play Free Online Games Without Ads	https://ad-freegames.github.io/4399/bad-ice-cream-3.html	https://szhong.4399.com/4399swf//upload_swf/ftp35/liuxinyu/20210128/x5/index.html
4399/bad-ice-cream.html	Bad Ice Cream - Play Free Online Games Without Ads	https://ad-freegames.github.io/4399/bad-ice-cream.html	https://szhong.4399.com/4399swf//upload_swf/ftp35/liuxinyu/20210128/x4/index.html
4399/balance-duel.html	Balance Duel - Free Online Games No Ads No Downloads	https://ad-freegames.github.io/4399/balance-duel.html	https://szhong.4399.com/4399swf//upload_swf/ftp43/chenling/20230801/05/index.html
4399/beat-line.html	Beat Line - Play Free Online Games Without Ads	https://ad-freegames.github.io/4399/beat-line.html	https://szhong.4399.com/4399swf//upload_swf/ftp36/gamehwq/20210426/15/index.html
4399/big-tower-tiny-square-2.html	Big Tower Tiny Square 2 - Play Free Online Games Without Ads	https://ad-freegames.github.io/4399/big-tower-tiny-square-2.html	https://szhong.4399.com/4399swf//upload_swf/ftp40/liuxinyu/20221028/2/index.html
4399/big-tower-tiny-square.html	Big Tower Tiny Square - Play Free Online Games Without Ads	https://ad-freegames.github.io/4399/big-tower-tiny-square.html	https://szhong.4399.com/4399swf//upload_swf/ftp40/liuxinyu/20221028/1/index.html
4399/blast-red.html	Blast Red - Play Free Online Games Without Ads	https://ad-freegames.github.io/4399/blast-red.html	https://szhong.4399.com/4399swf//upload_swf/ftp37/gamehwq/20220110/14/index.htm
4399/blockman-climb.html	Blockman Climb - Free Online Games No Ads No Downloads	https://ad-freegames.github.io/4399/blockman-climb.html	https://szhong.4399.com/4399swf//upload_swf/ftp42/gamehwq/20230406/11/index.htm
4399/blumgi-ball.html	Blumgi Ball - Play Free Online Games Without Ads	https://ad-freegames.github.io/4399/blumgi-ball.html	https://szhong.4399.com/4399swf//upload_swf/ftp38/liuxinyu/20220329/7/index.html
4399/blumgi-bloom.html	Blumgi Bloom - Free Online Games No Ads No Downloads	https://ad-freegames.github.io/4399/blumgi-bloom.html	https://szhong.4399.com/4399swf//upload_swf/ftp44/gamehwq/20230817/14/index.html
4399/blumgi-castle.html	Blumgi Castle - Free Online Games No Ads No Downloads	https://ad-freegames.github.io/4399/blumgi-castle.html	https://szhong.4399.com/4399swf//upload_swf/ftp44/gamehwq/20230829/12/index.html
4399/blumgi-rocket.html	Blumgi Rocket - Free Online Games No Ads No Downloads	https://ad-freegames.github.io/4399/blumgi-rocket.html	https://szhong.4399.com/4399swf//upload_swf/ftp37/gamehwq/20211227/13/index.html
4399/blumgi-slime.html	Monkey Mart - Free Online Games No Ads No Downloads	https://ad-freegames.github.io/4399/blumgi-slime.html	https://szhong.4399.com/4399swf//upload_swf/ftp43/chenling/20230516/9/index.htm
4399/bomba.html	Bomba - Free Online Games No Ads No Downloads	https://ad-freegames.github.io/4399/bomba.html	https://szhong.4399.com/4399swf//upload_swf/ftp41/liuxinyu/20221210/2/index.html
4399/boxing-king-ring-champion-fighter-3d.html	Boxing King: Ring Champion Fighter 3D - Free Online Games No Ads No Downloads	https://ad-freegames.github.io/4399/boxing-king-ring-champion-fighter-3d.html	https://szhong.4399.com/4399swf//upload_swf/ftp44/chenling/20230921/02/index.html
4399/bright-lancer.html	Bright Lancer - Play Free Online Games Without Ads	https://ad-freegames.github.io/4399/bright-lancer.html	https://szhong.4399.com/4399swf//upload_swf/ftp37/liuxinyu/20220224/5/index.htm
4399/castle-crashing-the-beard-hd.html	Castle Crashing the Beard HD - Play Free Online Games Without Ads	https://ad-freegames.github.io/4399/castle-crashing-the-beard-hd.html	https://szhong.4399.com/4399swf//upload_swf/ftp35/gamehwq/20210416/04a/index.html
4399/castle-defender-saga.html	Castle Defender Saga - Play Free Online Games Without Ads	https://ad-freegames.github.io/4399/castle-defender-saga.html	https://szhong.4399.com/4399swf//upload_swf/ftp37/cwb/20211206/03/index.htm
4399/castle-pals.html	Castle Pals - Play Free Online Games Without Ads	https://ad-freegames.github.io/4399/castle-pals.html	https://szhong.4399.com/4399swf//upload_swf/ftp35/liuxinyu/20210125/004/index.html
4399/catch-the-candy.html	Catch the Candy - Play Free Online Games Without Ads	https://ad-freegames.github.io/4399/catch-the-candy.html	https://szhong.4399.com/4399swf//upload_swf/ftp37/cwb/20211025/03/index.html
4399/cats-love-cake-2.html	Cats Love Cake 2 - Free Online Games No Ads No Downloads	https://ad-freegames.github.io/4399/cats-love-cake-2.html	https://szhong.4399.com/4399swf//upload_swf/ftp41/liuxinyu/20230128/2/index.html
4399/cats-love-cake.html	Cats Love Cake - Free Online Games No Ads No Downloads	https://ad-freegames.github.io/4399/cats-love-cake.html	https://szhong.4399.com/4399swf//upload_swf/ftp41/liuxinyu/20230128/1/index.html
4399/cave-chaos-2.html	Cave Chaos 2 - Play Free Online Games Without Ads	https://ad-freegames.github.io/4399/cave-chaos-2.html	https://szhong.4399.com/4399swf//upload_swf/ftp35/liuxinyu/20210128/x1/index.html
4399/cave-chaos.html	Cave Chaos - Play Free Online Games Without Ads	https://ad-freegames.github.io/4399/cave-chaos.html	https://szhong.4399.com/4399swf//upload_swf/ftp35/liuxinyu/20210128/x3/index.html
4399/city-bike-stunt.html	City Bike Stunt - Play Free Online Games Without Ads	https://ad-freegames.github.io/4399/city-bike-stunt.html	https://szhong.4399.com/4399swf//upload_swf/ftp35/chenling/20210315/05/index.html
4399/city-minibus-driver.html	City Minibus Driver - Play Free Online Games Without Ads	https://ad-freegames.github.io/4399/city-minibus-driver.html	https://szhong.4399.com/4399swf//upload_swf/ftp37/cwb/20220228/02/index.htm
4399/confront.html	Confront - Play Free Online Games Without Ads	https://ad-freegames.github.io/4399/confront.html	https://szhong.4399.com/4399swf//upload_swf/ftp37/gamehwq/20220228/07/index.htm
4399/cover-orange-journey.html	Cover Orange: Journey - Play Free Online Games Without Ads	https://ad-freegames.github.io/4399/cover-orange-journey.html	https://szhong.4399.com/4399swf//upload_swf/ftp37/liuxinyu/20211217/1/index.html
4399/cover-orange.html	Cover Orange - Free Online Games No Ads No Downloads	https://ad-freegames.github.io/4399/cover-orange.html	https://szhong.4399.com/4399swf//upload_swf/ftp38/liuxinyu/20220415/2/index.html
4399/cow-bay.html	Cow Bay - Free Online Games No Ads No Downloads	https://ad-freegames.github.io/4399/cow-bay.html	https://szhong.4399.com/4399swf//upload_swf/ftp44/gamehwq/20230804/07/index.html
4399/crazy-kick.html	Crazy Kick! - Free Online Games No Ads No Downloads	https://ad-freegames.github.io/4399/crazy-kick.html	https://szhong.4399.com/4399swf//upload_swf/ftp44/chenling/20230918/05/index.html
4399/crazy-runner-in-city.html	Crazy Runner in City - Play Free Online Games Without Ads	https://ad-freegames.github.io/4399/crazy-runner-in-city.html	https://szhong.4399.com/4399swf//upload_swf/ftp38/gamehwq/20220302/14/index.htm
4399/cyber-cars-punk-racing.html	Cyber Cars Punk Racing - Play Free Online Games Without Ads	https://ad-freegames.github.io/4399/cyber-cars-punk-racing.html	https://szhong.4399.com/4399swf//upload_swf/ftp38/liuxinyu/20220329/5/index.html
4399/cyber-city-driver.html	Cyber City Driver - Free Online Games No Ads No Downloads	https://ad-freegames.github.io/4399/cyber-city-driver.html	https://szhong.4399.com/4399swf//upload_swf/ftp41/chenling/20230202/08/index.html
4399/dadish-2.html	Dadish 2 - Free Online Games No Ads No Downloads	https://ad-freegames.github.io/4399/dadish-2.html	https://szhong.4399.com/4399swf//upload_swf/ftp38/chenling/20220328/09/index.htm
4399/dadish-3.html	Dadish 3 - Free Online Games No Ads No Downloads	https://ad-freegames.github.io/4399/dadish-3.html	https://szhong.4399.com/4399swf//upload_swf/ftp39/liuxinyu/20220620/1/index.html
4399/dadish.html	Dadish - Free Online Games No Ads No Downloads	https://ad-freegames.github.io/4399/dadish.html	https://szhong.4399.com/4399swf//upload_swf/ftp37/liuxinyu/20220219/1/index.html
4399/day-of-meat-castle.html	Day of Meat: Castle - Free Online Games No Ads No Downloads	https://ad-freegames.github.io/4399/day-of-meat-castle.html	https://szhong.4399.com/4399swf//upload_swf/ftp44/gamehwq/20230807/12a/index.html
4399/dinosaurs-merge-master.html	Dinosaurs Merge Master - Free Online Games No Ads No Downloads	https://ad-freegames.github.io/4399/dinosaurs-merge-master.html	https://szhong.4399.com/4399swf//upload_swf/ftp42/chenling/20230425/07/index.html
4399/dirt-bike-extreme-parkour.html	Dirt Bike Extreme Parkour - Free Online Games No Ads No Downloads	https://ad-freegames.github.io/4399/dirt-bike-extreme-parkour.html	https://szhong.4399.com/4399swf//upload_swf/ftp37/gamehwq/20211228/14/index.htm
4399/drift-torque.html	Drift Torque - Play Free Online Games Without Ads	https://ad-freegames.github.io/4399/drift-torque.html	https://szhong.4399.com/4399swf//upload_swf/ftp36/huangcijin/20210604/12/index.html
4399/drive-mad.html	Drive Mad - Play Free Online Games Without Ads	https://ad-freegames.github.io/4399/drive-mad.html	https://szhong.4399.com/4399swf//upload_swf/ftp40/liuxinyu/20220928/1/index.html
4399/duo-survival-2.html	Duo Survival 2 - Free Online Games No Ads No Downloads	https://ad-freegames.github.io/4399/duo-survival-2.html	https://szhong.4399.com/4399swf//upload_swf/ftp44/gamehwq/20230809/12/index.html
4399/duo-survival-3.html	Duo Survival 3 - Free Online Games No Ads No Downloads	https://ad-freegames.github.io/4399/duo-survival-3.html	https://szhong.4399.com/4399swf//upload_swf/ftp45/gamehwq/20231120/13a/index.html
4399/duo-survival.html	Duo Survival - Free Online Games No Ads No Downloads	https://ad-freegames.github.io/4399/duo-survival.html	https://szhong.4399.com/4399swf//upload_swf/ftp44/gamehwq/20230809/11/index.html
4399/duo-vikings-2.html	Duo Vikings 2 - Free Online Games No Ads No Downloads	https://ad-freegames.github.io/4399/duo-vikings-2.html	https://szhong.4399.com/4399swf//upload_swf/ftp44/gamehwq/20230815/12/index.html
4399/duo-vikings-3.html	Duo Vikings 3 - Free Online Games No Ads No Downloads	https://ad-freegames.github.io/4399/duo-vikings-3.html	https://szhong.4399.com/4399swf//upload_swf/ftp44/gamehwq/20230918/09/index.html
4399/duo-vikings.html	Duo Vikings - Free Online Games No Ads No Downloads	https://ad-freegames.github.io/4399/duo-vikings.html	https://szhong.4399.com/4399swf//upload_swf/ftp44/gamehwq/20230815/11/index.html
4399/enemy-585.html	Enemy 585 - Free Online Games No Ads No Downloads	https://ad-freegames.github.io/4399/enemy-585.html	https://szhong.4399.com/4399swf//upload_swf/ftp41/liuxinyu/20221210/4/index.html
4399/fancy-pants-adventure-world-1.html	The Fancy Pants Adventure: World 1 - Play Free Online Games Without Ads	https://ad-freegames.github.io/4399/fancy-pants-adventure-world-1.html	https://szhong.4399.com/4399swf//upload_swf/ftp35/liuxinyu/20210305/jj8/index.html
4399/fancy-pants-adventure-world-2.html	The Fancy Pants Adventure: World 1 - Play Free Online Games Without Ads	https://ad-freegames.github.io/4399/fancy-pants-adventure-world-2.html	https://szhong.4399.com/4399swf//upload_swf/ftp35/liuxinyu/20210305/jj9/index.html
4399/fancy-pants-adventure-world-3.html	The Fancy Pants Adventure: World 3 - Play Free Online Games Without Ads	https://ad-freegames.github.io/4399/fancy-pants-adventure-world-3.html	https://szhong.4399.com/4399swf//upload_swf/ftp35/liuxinyu/20210305/jj10/index.html
4399/fantasy-merger.html	Fantasy Merger - Free Online Games No Ads No Downloads	https://ad-freegames.github.io/4399/fantasy-merger.html	https://szhong.4399.com/4399swf//upload_swf/ftp42/chenling/20230505/09/index.html
4399/final-ninja-zero.html	Final Ninja Zero - Free Online Games No Ads No Downloads	https://ad-freegames.github.io/4399/final-ninja-zero.html	https://szhong.4399.com/4399swf//upload_swf/ftp41/liuxinyu/20221220/2/index.html
4399/final-ninja.html	Final Ninja - Free Online Games No Ads No Downloads	https://ad-freegames.github.io/4399/final-ninja.html	https://szhong.4399.com/4399swf//upload_swf/ftp41/liuxinyu/20221220/1/index.html
4399/fireboy-and-watergirl-6.html	Fireboy & Watergirl 6 - Free Online Games No Ads No Downloads	https://ad-freegames.github.io/4399/fireboy-and-watergirl-6.html	https://szhong.4399.com/4399swf//upload_swf/ftp41/cwb/20221213/01/index.htm
4399/fish-eat-fish.html	Fish Eat Fish - Free Online Games No Ads No Downloads	https://ad-freegames.github.io/4399/fish-eat-fish.html	https://szhong.4399.com/4399swf//upload_swf/ftp44/gamehwq/20230807/13/index.html
4399/flip-bottle.html	Flip Bottle - Free Online Games No Ads No Downloads	https://ad-freegames.github.io/4399/flip-bottle.html	https://szhong.4399.com/4399swf//upload_swf/ftp44/liuxinyu/20230804/2/index.html
4399/fly-car-stunt-2.html	Fly Car Stunt 2 - Play Free Online Games Without Ads	https://ad-freegames.github.io/4399/fly-car-stunt-2.html	https://szhong.4399.com/4399swf//upload_swf/ftp29/gamehwq/20190809/14/index.htm
4399/fly-car-stunt-5.html	Fly Car Stunt 5 - Play Free Online Games Without Ads	https://ad-freegames.github.io/4399/fly-car-stunt-5.html	https://szhong.4399.com/4399swf//upload_swf/ftp33/chenling/20200916/4/index.html
4399/fly-car-stunt.html	Fly Car Stunt - Play Free Online Games Without Ads	https://ad-freegames.github.io/4399/fly-car-stunt.html	https://szhong.4399.com/4399swf//upload_swf/ftp29/gamehwq/20190808/14/index.htm
4399/flying-cars-era.html	Flying Cars Era - Play Free Online Games Without Ads	https://ad-freegames.github.io/4399/flying-cars-era.html	https://szhong.4399.com/4399swf//upload_swf/ftp36/gamehwq/20210714/14/index.html
4399/funny-battle.html	Funny Battle - Play Free Online Games Without Ads	https://ad-freegames.github.io/4399/funny-battle.html	https://szhong.4399.com/4399swf//upload_swf/ftp37/cwb/20220301/01/index.htm
4399/g-switch-2.html	G-Switch 2 - Free Online Games No Ads No Downloads	https://ad-freegames.github.io/4399/g-switch-2.html	https://szhong.4399.com/4399swf//upload_swf/ftp41/liuxinyu/20221123/6/index.html
4399/g-switch-3.html	G-Switch 3 - Free Online Games No Ads No Downloads	https://ad-freegames.github.io/4399/g-switch-3.html	https://szhong.4399.com/4399swf//upload_swf/ftp41/liuxinyu/20221121/2/index.html
4399/g-switch-4.html	G-Switch 4: Creator - Free Online Games No Ads No Downloads	https://ad-freegames.github.io/4399/g-switch-4.html	https://szhong.4399.com/4399swf//upload_swf/ftp45/gamehwq/20231127/09/index.html
4399/g-switch.html	G-Switch - Free Online Games No Ads No Downloads	https://ad-freegames.github.io/4399/g-switch.html	https://szhong.4399.com/4399swf//upload_swf/ftp41/liuxinyu/20221123/5/index.html
4399/glitch-dash.html	Glitch Dash - Play Free Online Games Without Ads	https://ad-freegames.github.io/4399/glitch-dash.html	https://szhong.4399.com/4399swf//upload_swf/ftp37/cwb/20211028/01/index.html
4399/gobble.html	Gobble - Free Online Games No Ads No Downloads	https://ad-freegames.github.io/4399/gobble.html	https://szhong.4399.com/4399swf//upload_swf/ftp44/gamehwq/20230808/12/index.html
4399/google-snake.html	Google Snake - Free Online Games No Ads No Downloads	https://ad-freegames.github.io/4399/google-snake.html	https://szhong.4399.com/4399swf//upload_swf/ftp44/chenling/20230830/05/index.html
4399/grab-the-apple.html	Grab The Apple - Free Online Games No Ads No Downloads	https://ad-freegames.github.io/4399/grab-the-apple.html	https://szhong.4399.com/4399swf//upload_swf/ftp44/liuxinyu/20230902/5/index.html
4399/grima-monster-dop-story.html	Grima Monster: DOP Story - Free Online Games No Ads No Downloads	https://ad-freegames.github.io/4399/grima-monster-dop-story.html	https://szhong.4399.com/4399swf//upload_swf/ftp44/chenling/20230913/8/index.html
4399/gun-battle-3.html	Gun Battle 3 - Play Free Online Games Without Ads	https://ad-freegames.github.io/4399/gun-battle-3.html	https://szhong.4399.com/4399swf//upload_swf/ftp38/cwb/20220317/05a/index.htm
4399/hammer-flight.html	Hammer Flight - Play Free Online Games Without Ads	https://ad-freegames.github.io/4399/hammer-flight.html	https://szhong.4399.com/4399swf//upload_swf/ftp37/gamehwq/20220125/15/index.htm
4399/hero-2-super-kick.html	Hero 2: Super Kick - Play Free Online Games Without Ads	https://ad-freegames.github.io/4399/hero-2-super-kick.html	https://szhong.4399.com/4399swf//upload_swf/ftp37/gamehwq/20220112/11a/index.htm
4399/hero-3-flying-robot.html	Hero 3: Flying Robot - Play Free Online Games Without Ads	https://ad-freegames.github.io/4399/hero-3-flying-robot.html	https://szhong.4399.com/4399swf//upload_swf/ftp37/gamehwq/20211223/14/index.htm
4399/hero-attack.html	Hero Attack - Play Free Online Games Without Ads	https://ad-freegames.github.io/4399/hero-attack.html	https://szhong.4399.com/4399swf//upload_swf/ftp37/gamehwq/20220222/15/index.htm
4399/hero-tower-wars.html	Hero Tower Wars - Free Online Games No Ads No Downloads	https://ad-freegames.github.io/4399/hero-tower-wars.html	https://szhong.4399.com/4399swf//upload_swf/ftp41/gamehwq/20221116/11a/index.html
4399/hexoboy.html	Hexoboy - Play Free Online Games Without Ads	https://ad-freegames.github.io/4399/hexoboy.html	https://szhong.4399.com/4399swf//upload_swf/ftp38/chenling/20220428/66/index.htm
4399/hipster-vs-rockers.html	Hipster vs Rockers - Play Free Online Games Without Ads	https://ad-freegames.github.io/4399/hipster-vs-rockers.html	https://szhong.4399.com/4399swf//upload_swf/ftp37/liuxinyu/20220122/5/index.htm
4399/hit-and-run.html	Hit and Run - Free Online Games No Ads No Downloads	https://ad-freegames.github.io/4399/hit-and-run.html	https://szhong.4399.com/4399swf//upload_swf/ftp44/chenling/20230911/07/index.html
4399/hospital-hustle.html	Hospital Hustle - Free Online Games No Ads No Downloads	https://ad-freegames.github.io/4399/hospital-hustle.html	https://szhong.4399.com/4399swf//upload_swf/ftp43/gamehwq/20230801/12a/index.htm
4399/hunter-hitman.html	Hunter Hitman - Free Online Games No Ads No Downloads	https://ad-freegames.github.io/4399/hunter-hitman.html	https://szhong.4399.com/4399swf//upload_swf/ftp42/gamehwq/20230404/10/index.htm
4399/ice-queen.html	Ice Queen - Play Free Online Games Without Ads	https://ad-freegames.github.io/4399/ice-queen.html	https://szhong.4399.com/4399swf//upload_swf/ftp37/gamehwq/20211220/13/index.htm
4399/icy-purple-head-3.html	Icy Purple Head 3 - Play Free Online Games Without Ads	https://ad-freegames.github.io/4399/icy-purple-head-3.html	https://szhong.4399.com/4399swf//upload_swf/ftp37/gamehwq/20211230/11/index.htm
4399/idle-ants.html	Idle Ants - Play Free Online Games Without Ads	https://ad-freegames.github.io/4399/idle-ants.html	https://szhong.4399.com/4399swf//upload_swf/ftp37/gamehwq/20211224/13/index.html
4399/idle-mining-empire.html	Idle Mining Empire - Free Online Games No Ads No Downloads	https://ad-freegames.github.io/4399/idle-mining-empire.html	https://szhong.4399.com/4399swf//upload_swf/ftp44/gamehwq/20230805/04/index.htm
4399/idle-pet-business.html	Idle Pet Business - Free Online Games No Ads No Downloads	https://ad-freegames.github.io/4399/idle-pet-business.html	https://szhong.4399.com/4399swf//upload_swf/ftp44/gamehwq/20230926/11/index.html
4399/idle-tree-city.html	Idle Tree City - Play Free Online Games Without Ads	https://ad-freegames.github.io/4399/idle-tree-city.html	https://szhong.4399.com/4399swf//upload_swf/ftp37/gamehwq/20211119/14/index.html
4399/island-monster-offroad.html	Island Monster Offroad - Play Free Online Games Without Ads	https://ad-freegames.github.io/4399/island-monster-offroad.html	https://szhong.4399.com/4399swf//upload_swf/ftp35/chenling/20210219/04/index.html
4399/jet-boat-racing.html	Jet Boat Racing - Play Free Online Games Without Ads	https://ad-freegames.github.io/4399/jet-boat-racing.html	https://szhong.4399.com/4399swf//upload_swf/ftp38/gamehwq/20220413/10/index.htm
4399/joyrider.html	Joyrider - Play Free Online Games Without Ads	https://ad-freegames.github.io/4399/joyrider.html	https://szhong.4399.com/4399swf//upload_swf/ftp37/gamehwq/20211207/12/index.htm
4399/knights-vs-orcs.html	Knights vs Orcs - Play Free Online Games Without Ads	https://ad-freegames.github.io/4399/knights-vs-orcs.html	https://szhong.4399.com/4399swf//upload_swf/ftp37/cwb/20211220/03/index.htm
4399/lands-of-blight.html	Lands of blight - Free Online Games No Ads No Downloads	https://ad-freegames.github.io/4399/lands-of-blight.html	https://szhong.4399.com/4399swf//upload_swf/ftp44/gamehwq/20230807/08/index.html
4399/laser-cannon-2.html	Laser Cannon 2 - Play Free Online Games Without Ads	https://ad-freegames.github.io/4399/laser-cannon-2.html	https://szhong.4399.com/4399swf//upload_swf/ftp38/gamehwq/20220324/12a/index.htm
4399/laser-cannon.html	Laser Cannon - Play Free Online Games Without Ads	https://ad-freegames.github.io/4399/laser-cannon.html	https://szhong.4399.com/4399swf//upload_swf/ftp37/gamehwq/20220211/13a/index.htm
4399/like-a-king.html	Like a King - Play Free Online Games Without Ads	https://ad-freegames.github.io/4399/like-a-king.html	https://szhong.4399.com/4399swf//upload_swf/ftp37/gamehwq/20211222/15/index.html
4399/lost-yeti.html	Lost Yeti - Play Free Online Games Without Ads	https://ad-freegames.github.io/4399/lost-yeti.html	https://szhong.4399.com/4399swf//upload_swf/ftp35/liuxinyu/20210323/jj8/index.html
4399/mad-ballz.html	Mad Ballz! - Free Online Games No Ads No Downloads	https://ad-freegames.github.io/4399/mad-ballz.html	https://szhong.4399.com/4399swf//upload_swf/ftp44/chenling/20231011/08/index.html
4399/mega-city-missions.html	Mega City Missions - Play Free Online Games Without Ads	https://ad-freegames.github.io/4399/mega-city-missions.html	https://szhong.4399.com/4399swf//upload_swf/ftp36/huangcijin/20210820/04a/index.html
4399/merge-alphabet-lore.html	Merge Alphabet Lore - Free Online Games No Ads No Downloads	https://ad-freegames.github.io/4399/merge-alphabet-lore.html	https://szhong.4399.com/4399swf//upload_swf/ftp44/chenling/20230905/07/index.html
4399/merge-goo-attacks.html	Merge: Goo Attack's - Free Online Games No Ads No Downloads	https://ad-freegames.github.io/4399/merge-goo-attacks.html	https://szhong.4399.com/4399swf//upload_swf/ftp43/chenling/20230718/4/index.html
4399/merge-grabber-race-to-2048.html	Merge Grabber: Race to 2048 - Free Online Games No Ads No Downloads	https://ad-freegames.github.io/4399/merge-grabber-race-to-2048.html	https://szhong.4399.com/4399swf//upload_swf/ftp44/chenling/20231018/02/index.html
4399/metal-black-ops.html	Metal Black OPS - Play Free Online Games Without Ads	https://ad-freegames.github.io/4399/metal-black-ops.html	https://szhong.4399.com/4399swf//upload_swf/ftp36/liuxinyu/20210927/8/index.html
4399/monkey-mart.html	Monkey Mart - Free Online Games No Ads No Downloads	https://ad-freegames.github.io/4399/monkey-mart.html	https://szhong.4399.com/4399swf//upload_swf/ftp41/gamehwq/20221216/09/index.htm
4399/monster-tracks.html	Monster Tracks - Free Online Games No Ads No Downloads	https://ad-freegames.github.io/4399/monster-tracks.html	https://szhong.4399.com/4399swf//upload_swf/ftp42/chenling/20230224/05/index.htm
4399/monster-truck-extreme-racing.html	Monster Truck Extreme Racing - Play Free Online Games Without Ads	https://ad-freegames.github.io/4399/monster-truck-extreme-racing.html	https://szhong.4399.com/4399swf//upload_swf/ftp35/chenling/20210303/1/index.html
4399/moon-city-stunt.html	Moon City Stunt - Play Free Online Games Without Ads	https://ad-freegames.github.io/4399/moon-city-stunt.html	https://szhong.4399.com/4399swf//upload_swf/ftp32/chenling/20200514/7/index.html
4399/mx-offroad-mountain-bike.html	MX OffRoad Mountain Bike - Play Free Online Games Without Ads	https://ad-freegames.github.io/4399/mx-offroad-mountain-bike.html	https://szhong.4399.com/4399swf//upload_swf/ftp35/chenling/20210406/6/index.html
4399/my-pets-shop.html	My Pets Shop - Free Online Games No Ads No Downloads	https://ad-freegames.github.io/4399/my-pets-shop.html	https://szhong.4399.com/4399swf//upload_swf/ftp43/chenling/20230726/05/index.html
4399/my-underwater-world.html	My Underwater World - Free Online Games No Ads No Downloads	https://ad-freegames.github.io/4399/my-underwater-world.html	https://szhong.4399.com/4399swf//upload_swf/ftp43/chenling/20230725/06/index.html
4399/ninja-rabbit.html	Ninja Rabbit - Play Free Online Games Without Ads	https://ad-freegames.github.io/4399/ninja-rabbit.html	https://szhong.4399.com/4399swf//upload_swf/ftp35/gamehwq/20210326/11/index.html
4399/old-towers.html	Old Towers - Play Free Online Games Without Ads	https://ad-freegames.github.io/4399/old-towers.html	https://szhong.4399.com/4399swf//upload_swf/ftp35/liuxinyu/20210205/b4/index.html
4399/one-escape.html	One Escape - Play Free Online Games Without Ads	https://ad-freegames.github.io/4399/one-escape.html	https://szhong.4399.com/4399swf//upload_swf/ftp40/gamehwq/20221107/11/index.html
4399/only-up-3d-parkour.html	Only Up 3D Parkour - Free Online Games No Ads No Downloads	https://ad-freegames.github.io/4399/only-up-3d-parkour.html	https://szhong.4399.com/4399swf//upload_swf/ftp44/chenling/20230826/01/index.html
4399/ovo-dimensions.html	OvO Dimensions - Free Online Games No Ads No Downloads	https://ad-freegames.github.io/4399/ovo-dimensions.html	https://szhong.4399.com/4399swf//upload_swf/ftp41/liuxinyu/20221219/8/index.html
4399/ovo.html	OvO - Free Online Games No Ads No Downloads	https://ad-freegames.github.io/4399/ovo.html	https://szhong.4399.com/4399swf//upload_swf/ftp41/liuxinyu/20230129/1/index.html
4399/paint-strike.html	Paint Strike - Play Free Online Games Without Ads	https://ad-freegames.github.io/4399/paint-strike.html	https://szhong.4399.com/4399swf//upload_swf/ftp41/liuxinyu/20221123/8/index.html
4399/parakite-ninja.html	Parakite Ninja - Free Online Games No Ads No Downloads	https://ad-freegames.github.io/4399/parakite-ninja.html	https://szhong.4399.com/4399swf//upload_swf/ftp44/gamehwq/20230805/01/index.html
4399/parkour-climb-and-jump.html	Parkour: Climb and Jump - Play Free Online Games Without Ads	https://ad-freegames.github.io/4399/parkour-climb-and-jump.html	https://szhong.4399.com/4399swf//upload_swf/ftp38/gamehwq/20220329/11/index.htm
4399/perfect-peel.html	Perfect Peel - Play Free Online Games Without Ads	https://ad-freegames.github.io/4399/perfect-peel.html	https://szhong.4399.com/4399swf//upload_swf/ftp37/gamehwq/20220105/14/index.htm
4399/pogo-runner.html	Pogo Runner - Free Online Games No Ads No Downloads	https://ad-freegames.github.io/4399/pogo-runner.html	https://szhong.4399.com/4399swf//upload_swf/ftp43/chenling/20230801/1/index.html
4399/poor-eddie.html	Poor Eddie - Free Online Games No Ads No Downloads	https://ad-freegames.github.io/4399/poor-eddie.html	https://szhong.4399.com/4399swf//upload_swf/ftp44/gamehwq/20230817/13a/index.html
4399/port-bike-stunt.html	Port Bike Stunt - Play Free Online Games Without Ads	https://ad-freegames.github.io/4399/port-bike-stunt.html	https://szhong.4399.com/4399swf//upload_swf/ftp33/chenling/20200911/15/index.html
4399/prisonela.html	Prisonela - Play Free Online Games Without Ads	https://ad-freegames.github.io/4399/prisonela.html	https://szhong.4399.com/4399swf//upload_swf/ftp40/chenling/20220819/06/index.htm
4399/puffy-cat.html	Puffy Cat - Free Online Games No Ads No Downloads	https://ad-freegames.github.io/4399/puffy-cat.html	https://szhong.4399.com/4399swf//upload_swf/ftp41/chenling/20221209/07a/index.htm
4399/rabbit-samurai-2.html	Rabbit Samurai 2 - Play Free Online Games Without Ads	https://ad-freegames.github.io/4399/rabbit-samurai-2.html	https://szhong.4399.com/4399swf//upload_swf/ftp29/chenling/20191009/05/index.htm
4399/rabbit-samurai-3.html	Rabbit Samurai 3 - Play Free Online Games Without Ads	https://ad-freegames.github.io/4399/rabbit-samurai-3.html	https://szhong.4399.com/4399swf//upload_swf/ftp40/gamehwq/20220906/01/index.htm
4399/rabbit-samurai.html	Rabbit Samurai - Play Free Online Games Without Ads	https://ad-freegames.github.io/4399/rabbit-samurai.html	https://szhong.4399.com/4399swf//upload_swf/ftp25/chenling/20180731/01/index.htm
4399/raft-wars-2.html	Raft Wars 2 - Play Free Online Games Without Ads	https://ad-freegames.github.io/4399/raft-wars-2.html	https://www.friv2018.com/games/html5/raft-wars-2/
4399/raft-wars.html	Raft Wars - Play Free Online Games Without Ads	https://ad-freegames.github.io/4399/raft-wars.html	https://szhong.4399.com/4399swf//upload_swf/ftp35/liuxinyu/20210301/jj8/index.html
4399/real-cars-in-city.html	Real Cars in City - Play Free Online Games Without Ads	https://ad-freegames.github.io/4399/real-cars-in-city.html	https://szhong.4399.com/4399swf//upload_swf/ftp39/liuxinyu/20220526/7/index.html
4399/recoil.html	Recoil - Free Online Games No Ads No Downloads	https://ad-freegames.github.io/4399/recoil.html	https://szhong.4399.com/4399swf//upload_swf/ftp41/liuxinyu/20221123/9/index.html
4399/red-ball-bounce-adventure.html	Red Ball: Bounce Adventure - Free Online Games No Ads No Downloads	https://ad-freegames.github.io/4399/red-ball-bounce-adventure.html	https://szhong.4399.com/4399swf//upload_swf/ftp44/chenling/20230817/01/index.html
4399/rolling-ball.html	Rolling Ball - Play Free Online Games Without Ads	https://ad-freegames.github.io/4399/rolling-ball.html	https://szhong.4399.com/4399swf//upload_swf/ftp37/cwb/20220115/04a/index.htm
4399/rublox-space-farm.html	Rublox Space Farm - Play Free Online Games Without Ads	https://ad-freegames.github.io/4399/rublox-space-farm.html	https://szhong.4399.com/4399swf//upload_swf/ftp39/gamehwq/20220520/14/index.htm
4399/running-fred.html	Running Fred - Free Online Games No Ads No Downloads	https://ad-freegames.github.io/4399/running-fred.html	https://szhong.4399.com/4399swf//upload_swf/ftp48/chenling/20240807/08/index.htm
4399/sausage-flip.html	Sausage Flip - Free Online Games No Ads No Downloads	https://ad-freegames.github.io/4399/sausage-flip.html	https://szhong.4399.com/4399swf//upload_swf/ftp44/gamehwq/20230830/11/index.html
4399/save-the-imposter.html	Save the Imposter - Free Online Games No Ads No Downloads	https://ad-freegames.github.io/4399/save-the-imposter.html	https://szhong.4399.com/4399swf//upload_swf/ftp44/chenling/20230920/4/index.html
4399/scape.html	Scape - Free Online Games No Ads No Downloads	https://ad-freegames.github.io/4399/scape.html	https://szhong.4399.com/4399swf//upload_swf/ftp35/gamehwq/20210115/07/index.html
4399/scrawler.html	Scrawler - Play Free Online Games Without Ads	https://ad-freegames.github.io/4399/scrawler.html	https://szhong.4399.com/4399swf//upload_swf/ftp38/chenling/20220401/09/index.html
4399/shinobi-run.html	Shinobi Run - Free Online Games No Ads No Downloads	https://ad-freegames.github.io/4399/shinobi-run.html	https://szhong.4399.com/4399swf//upload_swf/ftp44/chenling/20231007/3/index.html
4399/silly-sausage.html	Silly Sausage - Free Online Games No Ads No Downloads	https://ad-freegames.github.io/4399/silly-sausage.html	https://szhong.4399.com/4399swf//upload_swf/ftp41/liuxinyu/20221228/05/index.html
4399/sink-it.html	Sink It - Play Free Online Games Without Ads	https://ad-freegames.github.io/4399/sink-it.html	https://szhong.4399.com/4399swf//upload_swf/ftp37/liuxinyu/20220126/6/index.html
4399/skibidi-shooter.html	Skibidi Shooter - Free Online Games No Ads No Downloads	https://ad-freegames.github.io/4399/skibidi-shooter.html	https://szhong.4399.com/4399swf//upload_swf/ftp44/gamehwq/20231018/09/index.html
4399/sky-city-riders.html	Sky City Riders - Play Free Online Games Without Ads	https://ad-freegames.github.io/4399/sky-city-riders.html	https://szhong.4399.com/4399swf//upload_swf/ftp36/gamehwq/20210727/11/index.html
4399/skywire.html	Skywire - Free Online Games No Ads No Downloads	https://ad-freegames.github.io/4399/skywire.html	https://szhong.4399.com/4399swf//upload_swf/ftp36/liuxinyu/20210514/jjj1/index.html
4399/slashz.html	SlashZ - Play Free Online Games Without Ads	https://ad-freegames.github.io/4399/slashz.html	https://szhong.4399.com/4399swf//upload_swf/ftp39/liuxinyu/20220517/5/index.html
4399/slice-arena.html	Slice Arena - Free Online Games No Ads No Downloads	https://ad-freegames.github.io/4399/slice-arena.html	https://szhong.4399.com/4399swf//upload_swf/ftp44/chenling/20230926/04/index.html
4399/slidee.html	Slidee - Free Online Games No Ads No Downloads	https://ad-freegames.github.io/4399/slidee.html	https://szhong.4399.com/4399swf//upload_swf/ftp43/chenling/20230628/02/index.htm
4399/slime-laboratory-2.html	Slime Laboratory 2 - Free Online Games No Ads No Downloads	https://ad-freegames.github.io/4399/slime-laboratory-2.html	https://szhong.4399.com/4399swf//upload_swf/ftp41/liuxinyu/20230128/05/index.html
4399/slime-laboratory.html	Slime Laboratory - Free Online Games No Ads No Downloads	https://ad-freegames.github.io/4399/slime-laboratory.html	https://szhong.4399.com/4399swf//upload_swf/ftp41/liuxinyu/20230129/3/index.html
4399/slimetris.html	Slimetris - Free Online Games No Ads No Downloads	https://ad-freegames.github.io/4399/slimetris.html	https://szhong.4399.com/4399swf//upload_swf/ftp44/chenling/20230826/02/index.html
4399/soul-snatcher.html	Soul Snatcher - Free Online Games No Ads No Downloads	https://ad-freegames.github.io/4399/soul-snatcher.html	https://szhong.4399.com/4399swf//upload_swf/ftp43/chenling/20230724/03/index.html
4399/spiders.html	Spiders - Free Online Games No Ads No Downloads	https://ad-freegames.github.io/4399/spiders.html	https://szhong.4399.com/4399swf//upload_swf/ftp40/liuxinyu/20221027/4/index.html
4399/squish-machine.html	Squish Machine - Play Free Online Games Without Ads	https://ad-freegames.github.io/4399/squish-machine.html	https://szhong.4399.com/4399swf//upload_swf/ftp35/gamehwq/20210127/05a/index.html
4399/squish-run.html	Squish Run - Free Online Games No Ads No Downloads	https://ad-freegames.github.io/4399/squish-run.html	https://szhong.4399.com/4399swf//upload_swf/ftp41/liuxinyu/20221219/07/index.html
4399/state-wars-conquer-them-all.html	State Wars: Conquer Them All - Free Online Games No Ads No Downloads	https://ad-freegames.github.io/4399/state-wars-conquer-them-all.html	https://szhong.4399.com/4399swf//upload_swf/ftp44/chenling/20230822/06/index.html
4399/stick-fighter.html	Stick Fighter - Free Online Games No Ads No Downloads	https://ad-freegames.github.io/4399/stick-fighter.html	https://szhong.4399.com/4399swf//upload_swf/ftp41/liuxinyu/20221209/4/index.html
4399/stick-war-infinity-duel.html	Stick War: Infinity Duel - Play Free Online Games Without Ads	https://ad-freegames.github.io/4399/stick-war-infinity-duel.html	https://szhong.4399.com/4399swf//upload_swf/ftp37/gamehwq/20220127/07/index.htm
4399/stick-warrior.html	Stick Warrior - Free Online Games No Ads No Downloads	https://ad-freegames.github.io/4399/stick-warrior.html	https://szhong.4399.com/4399swf//upload_swf/ftp44/chenling/20231023/04/index.html
4399/stickman-bike.html	Stickman Bike - Free Online Games No Ads No Downloads	https://ad-freegames.github.io/4399/stickman-bike.html	https://szhong.4399.com/4399swf//upload_swf/ftp44/chenling/20230905/06/index.htm
4399/stickman-climb.html	Stickman Climb! - Play Free Online Games Without Ads	https://ad-freegames.github.io/4399/stickman-climb.html	https://szhong.4399.com/4399swf//upload_swf/ftp37/gamehwq/20211221/15/index.html
4399/stickman-escape.html	Stickman Escape - Free Online Games No Ads No Downloads	https://ad-freegames.github.io/4399/stickman-escape.html	https://szhong.4399.com/4399swf//upload_swf/ftp42/chenling/20230323/06/index.html
4399/stickman-hook-christmas-edition.html	Stickman Hook: Christmas Edition - Free Online Games No Ads No Downloads	https://ad-freegames.github.io/4399/stickman-hook-christmas-edition.html	https://szhong.4399.com/4399swf//upload_swf/ftp37/gamehwq/20211210/14/index.html
4399/stickman-shooter.html	Stickman Shooter - Free Online Games No Ads No Downloads	https://ad-freegames.github.io/4399/stickman-shooter.html	https://szhong.4399.com/4399swf//upload_swf/ftp44/chenling/20230817/02/index.html
4399/string-theory-2-remastered.html	String Theory 2 Remastered - Play Free Online Games Without Ads	https://ad-freegames.github.io/4399/string-theory-2-remastered.html	https://szhong.4399.com/4399swf//upload_swf/ftp37/gamehwq/20220124/13/index.htm
4399/string-theory-remastered.html	String Theory Remastered - Play Free Online Games Without Ads	https://ad-freegames.github.io/4399/string-theory-remastered.html	https://szhong.4399.com/4399swf//upload_swf/ftp37/gamehwq/20220119/16/index.htm
4399/summon-the-dragon.html	Summon the Dragon - Play Free Online Games Without Ads	https://ad-freegames.github.io/4399/summon-the-dragon.html	https://szhong.4399.com/4399swf//upload_swf/ftp37/cwb/20220104/01/index.htm
4399/super-crazy-bunnies.html	Super Crazy Bunnies - Free Online Games No Ads No Downloads	https://ad-freegames.github.io/4399/super-crazy-bunnies.html	https://szhong.4399.com/4399swf//upload_swf/ftp43/chenling/20230608/05/index.html
4399/super-liquid-soccer.html	Super Liquid Soccer - Free Online Games No Ads No Downloads	https://ad-freegames.github.io/4399/super-liquid-soccer.html	https://szhong.4399.com/4399swf//upload_swf/ftp44/gamehwq/20230822/12/index.html
4399/super-omar-climb.html	Super Omar Climb - Free Online Games No Ads No Downloads	https://ad-freegames.github.io/4399/super-omar-climb.html	https://szhong.4399.com/4399swf//upload_swf/ftp44/chenling/20230919/04/index.html
4399/swindler.html	Swindler - Free Online Games No Ads No Downloads	https://ad-freegames.github.io/4399/swindler.html	https://szhong.4399.com/4399swf//upload_swf/ftp41/liuxinyu/20230106/6/index.html
4399/swingo.html	Swingo - Free Online Games No Ads No Downloads	https://ad-freegames.github.io/4399/swingo.html	https://szhong.4399.com/4399swf//upload_swf/ftp41/liuxinyu/20221209/5/index.html
4399/tail-swing.html	Tail Swing - Play Free Online Games Without Ads	https://ad-freegames.github.io/4399/tail-swing.html	https://szhong.4399.com/4399swf//upload_swf/ftp37/gamehwq/20211025/13/index.htm
4399/telekinesis.html	Telekinesis - Play Free Online Games Without Ads	https://ad-freegames.github.io/4399/telekinesis.html	https://szhong.4399.com/4399swf//upload_swf/ftp37/gamehwq/20220105/13/index.htm
4399/temple-run-2-holi-festival.html	Temple Run 2: Holi Festival - Play Free Online Games Without Ads	https://ad-freegames.github.io/4399/temple-run-2-holi-festival.html	https://sda.4399.com/4399swf//upload_swf/ftp36/liuxinyu/20210628/jjjj1/index.html
4399/temple-run-2.html	Temple Run 2 - Play Free Online Games Without Ads	https://ad-freegames.github.io/4399/temple-run-2.html	https://sxiao.4399.com/4399swf//upload_swf/ftp35/gamehwq/20210119/11/index.html
4399/test-subject-blue.html	Test Subject Blue - Play Free Online Games Without Ads	https://ad-freegames.github.io/4399/test-subject-blue.html	https://szhong.4399.com/4399swf//upload_swf/ftp35/liuxinyu/20210128/x2/index.html
4399/test-subject-green.html	Test Subject Green - Free Online Games No Ads No Downloads	https://ad-freegames.github.io/4399/test-subject-green.html	https://szhong.4399.com/4399swf//upload_swf/ftp41/liuxinyu/20230203/5/index.html
4399/truck-loader-2.html	Truck Loader 2 - Free Online Games No Ads No Downloads	https://ad-freegames.github.io/4399/truck-loader-2.html	https://szhong.4399.com/4399swf//upload_swf/ftp37/cwb/20211025/02b/index.html
4399/truck-loader-3.html	Truck Loader 3 - Free Online Games No Ads No Downloads	https://ad-freegames.github.io/4399/truck-loader-3.html	https://szhong.4399.com/4399swf//upload_swf/ftp41/liuxinyu/20221202/4/index.html
4399/truck-loader-4.html	Truck Loader 4 - Free Online Games No Ads No Downloads	https://ad-freegames.github.io/4399/truck-loader-4.html	https://szhong.4399.com/4399swf//upload_swf/ftp37/liuxinyu/20211213/4/index.html
4399/truck-loader-5.html	G-Switch - Free Online Games No Ads No Downloads	https://ad-freegames.github.io/4399/truck-loader-5.html	https://szhong.4399.com/4399swf//upload_swf/ftp41/liuxinyu/20221130/01/index.html
4399/truck-loader.html	G-Switch - Free Online Games No Ads No Downloads	https://ad-freegames.github.io/4399/truck-loader.html	https://szhong.4399.com/4399swf//upload_swf/ftp36/liuxinyu/20210924/11/index.html
4399/tunnel-rush.html	Tunnel Rush - Free Online Games No Ads No Downloads	https://ad-freegames.github.io/4399/tunnel-rush.html	https://szhong.4399.com/4399swf//upload_swf/ftp44/gamehwq/20230830/12a/index.html
4399/twin-shot-2.html	Twin Shot 2 - Free Online Games No Ads No Downloads	https://ad-freegames.github.io/4399/twin-shot-2.html	https://szhong.4399.com/4399swf//upload_swf/ftp41/liuxinyu/20230117/8/index.html
4399/twin-shot.html	Twin Shot - Play Free Online Games Without Ads	https://ad-freegames.github.io/4399/twin-shot.html	https://szhong.4399.com/4399swf//upload_swf/ftp35/liuxinyu/20210128/g8/index.html
4399/two-ball-3d-dark.html	Two Ball 3D: Dark - Play Free Online Games Without Ads	https://ad-freegames.github.io/4399/two-ball-3d-dark.html	https://szhong.4399.com/4399swf//upload_swf/ftp36/gamehwq/20210622/15/index.html
4399/two-punk-racing.html	Two Punk Racing - Play Free Online Games Without Ads	https://ad-freegames.github.io/4399/two-punk-racing.html	https://szhong.4399.com/4399swf//upload_swf/ftp31/chenling/20200312/5/index.htm
4399/ultimate-stunt-car-challenge.html	Ultimate Stunt Car Challenge - Free Online Games No Ads No Downloads	https://ad-freegames.github.io/4399/ultimate-stunt-car-challenge.html	https://szhong.4399.com/4399swf//upload_swf/ftp44/chenling/20230906/06/index.html
4399/wild-bullets.html	Wild Bullets - Free Online Games No Ads No Downloads	https://ad-freegames.github.io/4399/wild-bullets.html	https://szhong.4399.com/4399swf//upload_swf/ftp44/gamehwq/20231017/15/index.html
4399/wing-race-3d.html	Wing Race 3D - Free Online Games No Ads No Downloads	https://ad-freegames.github.io/4399/wing-race-3d.html	https://szhong.4399.com/4399swf//upload_swf/ftp44/chenling/20231010/07/index.html
4399/woodcutter-master-adventure.html	Woodcutter Master: Adventure - Free Online Games No Ads No Downloads	https://ad-freegames.github.io/4399/woodcutter-master-adventure.html	https://szhong.4399.com/4399swf//upload_swf/ftp44/chenling/20230818/04/index.html
4399/yokai-dungeon.html	Yokai Dungeon - Play Free Online Games Without Ads	https://ad-freegames.github.io/4399/yokai-dungeon.html	https://szhong.4399.com/4399swf//upload_swf/ftp37/liuxinyu/20211210/5/index.html
4399/zombotag.html	ZomboTag - Free Online Games No Ads No Downloads	https://ad-freegames.github.io/4399/zombotag.html	https://szhong.4399.com/4399swf//upload_swf/ftp44/gamehwq/20230823/13/index.html
4399/zoom-be-2.html	Zoom-Be 2 - Free Online Games No Ads No Downloads	https://ad-freegames.github.io/4399/zoom-be-2.html	https://szhong.4399.com/4399swf//upload_swf/ftp40/chenling/20220905/05/index.htm
4399/zoom-be-3.html	Zoom-Be 3 - Free Online Games No Ads No Downloads	https://ad-freegames.github.io/4399/zoom-be-3.html	https://szhong.4399.com/4399swf//upload_swf/ftp40/chenling/20220926/11/index.html
4399/zoom-be.html	Zoom-Be - Free Online Games No Ads No Downloads	https://ad-freegames.github.io/4399/zoom-be.html	https://szhong.4399.com/4399swf//upload_swf/ftp40/chenling/20220926/10/index.html
